{
  "data": [
    {
      "login": "sympy",
      "avatarUrl": "https://avatars1.githubusercontent.com/u/260832?v=4",
      "__typename": "Organization"
    },
    {
      "login": "scikit-learn",
      "avatarUrl": "https://avatars2.githubusercontent.com/u/365630?v=4",
      "__typename": "Organization"
    },
    {
      "login": "python",
      "avatarUrl": "https://avatars3.githubusercontent.com/u/1525981?v=4",
      "__typename": "Organization"
    },
    {
      "login": "facebook",
      "avatarUrl": "https://avatars3.githubusercontent.com/u/69631?v=4",
      "__typename": "Organization"
    },
    {
      "login": "ReactTraining",
      "avatarUrl": "https://avatars1.githubusercontent.com/u/11823761?v=4",
      "__typename": "Organization"
    },
    {
      "login": "keras-team",
      "avatarUrl": "https://avatars0.githubusercontent.com/u/34455048?v=4",
      "__typename": "Organization"
    },
    {
      "login": "fossasia",
      "avatarUrl": "https://avatars3.githubusercontent.com/u/6295529?v=4",
      "__typename": "Organization"
    },
    {
      "login": "gatsbyjs",
      "avatarUrl": "https://avatars1.githubusercontent.com/u/12551863?v=4",
      "__typename": "Organization"
    },
    {
      "login": "tensorflow",
      "avatarUrl": "https://avatars1.githubusercontent.com/u/15658638?v=4",
      "__typename": "Organization"
    },
    {
      "login": "kiwix",
      "avatarUrl": "https://avatars3.githubusercontent.com/u/826219?v=4",
      "__typename": "Organization"
    },
    {
      "login": "uber",
      "avatarUrl": "https://avatars3.githubusercontent.com/u/538264?v=4",
      "__typename": "Organization"
    },
    {
      "login": "netrack",
      "avatarUrl": "https://avatars2.githubusercontent.com/u/10380772?v=4",
      "__typename": "Organization"
    },
    {
      "login": "DataTurks-Engg",
      "avatarUrl": "https://avatars1.githubusercontent.com/u/39724935?v=4",
      "__typename": "Organization"
    },
    {
      "login": "google",
      "avatarUrl": "https://avatars1.githubusercontent.com/u/1342004?v=4",
      "__typename": "Organization"
    },
    {
      "login": "apollographql",
      "avatarUrl": "https://avatars0.githubusercontent.com/u/17189275?v=4",
      "__typename": "Organization"
    },
    {
      "login": "NVlabs",
      "avatarUrl": "https://avatars3.githubusercontent.com/u/2695301?v=4",
      "__typename": "Organization"
    },
    {
      "login": "dsc-iiitdmk",
      "avatarUrl": "https://avatars0.githubusercontent.com/u/53558593?v=4",
      "__typename": "Organization"
    },
    {
      "login": "firecampapp",
      "avatarUrl": "https://avatars3.githubusercontent.com/u/45025286?v=4",
      "__typename": "Organization"
    }
  ]
}
